day,humidity,voltage,quality
4,26,530,3
8,80,554,3
13,25,679,1
14,42,697,1
2,73,532,2
10,73,718,1
15,69,410,2
11,39,586,1
3,78,636,3
11,58,481,1
15,32,614,2
15,31,686,3
9,25,476,2
8,76,506,1
5,62,585,2
8,38,538,2
8,23,617,3
1,78,401,2
2,58,599,2
2,55,568,1
3,47,430,3
13,56,420,2
4,34,535,2
3,20,449,2
8,50,760,3
1,36,500,1
9,30,561,1
8,31,759,1
9,50,579,2
13,51,424,1
1,23,533,2
13,71,725,1
3,32,479,1
1,41,401,3
1,78,664,1
11,28,657,2
6,59,474,3
3,32,728,1
9,29,789,3
1,63,473,1
1,70,550,2
2,48,443,2
11,69,494,2
7,57,779,2
8,55,582,2
15,21,447,3
10,79,412,1
6,29,408,3
3,22,626,3
10,34,722,3
12,30,591,3
11,69,701,1
12,76,780,1
4,43,494,1
6,58,456,1
11,53,594,1
2,69,791,1
4,79,710,2
1,24,731,2
12,48,622,1
15,51,600,2
7,23,497,2
2,47,647,2
10,65,625,2
10,75,534,3
11,70,566,2
2,61,649,3
5,59,513,3
1,40,683,2
15,38,630,1
5,56,401,3
7,53,421,2
2,46,447,2
11,23,550,2
9,60,676,2
9,52,445,2
2,66,635,2
9,37,647,1
3,35,542,2
5,52,752,2
8,26,605,2
1,75,741,2
10,20,706,1
8,41,642,3
2,72,705,3
3,56,721,3
9,51,721,3
11,25,680,1
9,78,466,1
11,47,479,3
9,29,588,2
8,53,664,1
5,44,580,2
1,63,640,1
13,53,528,1
3,33,788,2
8,62,439,1
11,51,622,1
12,78,630,1
15,22,527,2
5,60,422,2
8,43,537,2
2,49,769,2
14,54,438,3
2,35,422,3
14,22,553,3
10,25,744,1
1,22,727,2
13,73,745,1
5,46,442,3
1,47,649,3
7,54,670,3
5,37,728,1
9,65,520,3
15,54,480,3
7,31,741,3
5,70,776,1
13,65,613,3
2,80,503,1
12,38,486,3
2,24,560,3
6,47,512,2
7,22,655,3
5,67,636,1
3,70,598,3
5,66,777,2
15,66,711,1
8,63,413,2
8,77,411,3
9,64,449,3
8,46,496,1
9,67,448,3
12,42,679,1
3,41,648,2
11,46,634,3
2,30,622,1
6,77,547,1
3,72,709,2
11,62,609,3
1,25,657,2
12,79,410,2
8,70,708,3
8,71,800,1
10,33,795,2
2,29,598,3
14,74,716,2
2,55,712,1
13,74,568,3
7,76,732,3
14,78,741,3
2,30,739,1
9,42,568,3
11,65,580,2
11,51,673,2
11,23,729,1
6,41,623,2
7,64,653,3
14,54,761,3
7,49,647,1
3,72,729,1
14,80,524,1
10,71,708,1
11,75,656,2
3,79,592,2
15,64,579,1
12,25,788,1
10,44,441,3
15,61,416,3
9,67,519,2
6,61,489,1
10,53,455,2
6,35,739,1
14,59,509,1
4,20,702,2
12,39,406,2
14,21,775,3
10,48,429,3
3,46,768,2
4,71,478,3
2,26,744,3
4,47,780,2
10,58,683,1
13,28,552,3
10,25,582,3
14,58,460,3
7,31,520,2
5,24,759,2
15,33,736,3
13,53,672,1
4,26,683,2
5,33,482,2
11,51,450,3
2,24,592,2
3,52,574,3
7,46,485,3
13,22,755,3
9,51,718,2
9,71,520,2
6,53,607,3
4,69,762,2
5,80,759,2
6,69,713,2
12,44,480,3
5,31,431,2
10,59,533,2
8,77,539,2
15,32,663,3
3,75,738,2
5,58,757,2
14,20,727,3
9,74,680,1
9,37,746,3
3,79,607,3
4,57,427,2
2,80,645,1
6,53,582,3
2,50,666,1
1,76,536,1
15,52,493,2
14,62,645,3
9,64,550,2
15,38,531,3
12,37,771,2
7,75,613,1
12,74,465,3
2,60,778,2
9,55,517,3
2,21,752,3
9,66,725,2
10,23,635,1
7,25,554,3
1,34,524,2
13,29,710,3
5,33,677,1
9,41,477,2
10,64,530,1
15,41,434,2
2,33,519,3
2,58,653,3
1,63,715,2
4,20,784,2
6,37,488,3
2,25,511,2
3,45,602,2
9,22,758,2
10,32,581,3
10,75,750,2
13,75,592,3
7,79,546,3
4,38,537,2
2,56,634,3
3,80,661,3
12,32,427,2
15,60,487,2
2,24,516,1
15,34,706,1
12,55,773,3
15,32,442,1
2,37,480,1
15,21,800,1
14,76,642,3
7,25,623,2
6,70,599,3
5,25,738,2
12,73,665,2
6,20,720,3
3,23,772,1
13,30,621,2
9,71,518,3
4,31,407,3
12,36,507,2
3,50,785,1
6,59,503,2
9,33,592,3
3,28,766,3
12,73,788,2
4,23,409,3
1,40,688,2
12,20,581,2
8,78,786,2
11,58,470,1
9,40,540,1
7,34,491,3
12,21,590,2
1,74,758,3
3,41,513,2
9,63,608,2
14,61,733,2
10,51,469,1
9,44,452,3
14,80,455,3
6,35,575,2
6,75,445,3
4,50,721,1
10,77,699,3
2,38,456,3
9,57,672,3
8,42,658,3
6,49,729,3
15,33,472,2
8,31,733,3
6,80,542,1
11,63,620,2
7,38,530,1
4,76,403,1
1,61,619,3
2,74,747,1
15,65,711,2
12,62,760,1
13,40,402,3
14,40,772,3
4,72,592,1
1,22,746,3
1,55,417,2
14,79,585,3
3,79,542,3
6,50,419,3
2,37,657,1
9,37,487,2
4,65,424,3
14,71,435,2
13,59,409,1
13,72,433,3
6,51,796,2
12,40,781,2
3,24,755,2
2,64,470,2
9,33,577,1
6,59,694,1
12,66,676,1
9,41,594,1
8,38,619,3
2,42,707,1
2,45,591,2
7,37,561,1
13,77,742,2
5,43,632,2
11,24,429,1
11,50,773,2
11,46,547,3
1,57,436,3
8,27,400,2
15,23,568,3
8,34,438,1
7,59,461,2
12,44,485,2
8,69,551,2
15,75,579,2
6,51,677,2
6,36,657,1
6,52,437,2
12,67,494,2
6,67,658,2
9,28,768,2
8,78,614,2
14,24,515,3
10,70,717,2
4,80,458,3
13,52,771,2
6,35,785,2
7,35,716,2
8,40,473,2
5,20,686,3
8,66,537,1
13,37,681,3
4,36,751,3
13,32,669,1
9,80,750,2
7,35,657,1
3,51,579,2
11,65,492,1
7,53,786,2
12,32,562,1
5,67,741,2
2,78,751,1
8,50,611,2
3,37,574,1
1,52,486,1
11,60,516,3
14,20,789,3
5,52,765,1
1,29,792,1
13,37,661,2
7,70,486,2
14,50,788,1
15,27,552,3
4,71,789,2
10,36,742,3
12,71,769,1
6,75,725,3
12,59,755,2
14,41,525,3
8,75,504,3
12,27,461,1
14,71,627,1
5,51,708,1
2,47,708,2
5,39,499,2
12,46,578,2
3,66,660,3
15,24,666,2
6,73,709,1
1,55,779,3
11,55,632,2
15,51,557,2
8,76,683,3
14,69,425,3
5,43,426,1
15,70,778,1
14,22,749,3
9,36,592,3
11,50,589,3
8,69,732,3
10,26,524,3
13,33,545,2
14,30,621,3
15,35,528,2
5,26,743,3
11,76,793,3
3,43,774,3
12,49,466,1
10,38,572,1
11,25,531,1
9,29,603,3
8,73,694,1
4,33,715,2
14,35,565,3
8,67,405,3
9,35,614,2
9,64,755,2
14,57,758,3
11,65,493,2
9,25,695,3
11,71,413,3
12,48,713,1
11,57,603,2
1,42,576,1
4,22,675,2
15,51,491,3
9,38,499,2
1,31,771,2
13,52,571,1
10,46,778,3
15,75,685,1
10,65,522,1
9,34,424,1
5,48,455,1
1,73,424,2
3,67,732,3
3,39,684,1
2,41,630,1
6,47,603,1
4,52,635,1
5,73,697,1
9,61,751,2
3,65,419,1
14,78,658,3
7,50,510,2
3,75,466,2
15,68,592,2
13,62,682,3
12,78,551,2
5,39,715,2
10,26,616,1
8,42,555,2
15,52,739,3
8,75,614,3
7,38,742,3
13,78,695,1
1,75,478,3
3,75,583,2
6,70,632,1
2,78,653,1
12,38,676,2
14,30,714,3
11,78,737,3
15,40,487,2
5,23,655,3
14,23,532,1
6,29,654,1
8,31,527,3
8,22,425,1
13,32,689,3
11,31,736,3
10,38,406,1
8,79,791,2
4,24,619,1
11,58,472,2
12,51,422,2
2,54,479,3
12,73,550,1
8,80,444,3
15,70,672,1
7,55,508,3
10,35,493,1
2,28,652,3
5,30,637,2
12,52,680,1
8,58,742,1
9,25,611,2
7,72,668,1
5,75,745,3
8,48,424,1
9,44,564,2
13,38,653,3
5,53,406,1
7,38,413,1
3,71,738,3
11,66,485,2
11,60,623,2
1,67,536,2
9,76,661,2
12,60,464,2
6,41,455,2
8,26,614,2
15,71,506,3
1,60,481,3
12,70,777,3
6,23,726,1
8,38,756,2
9,55,568,1
12,72,692,2
11,57,453,1
2,63,575,1
15,20,464,3
6,31,505,2
3,23,788,3
2,34,488,2
13,27,738,1
12,21,427,3
13,48,428,3
10,31,619,1
2,31,689,3
4,71,634,2
15,44,578,3
9,22,745,3
8,62,782,2
1,21,688,1
2,69,539,2
12,34,563,1
1,62,626,2
7,44,736,3
1,64,767,3
10,58,493,1
4,45,463,3
6,45,580,2
6,21,744,2
2,47,405,3
11,41,572,1
10,72,674,2
12,37,568,1
4,63,418,3
1,26,490,1
10,61,559,3
15,59,737,3
6,68,615,2
2,57,570,1
10,70,696,2
4,77,415,2
9,67,537,2
2,63,622,1
15,33,462,3
10,33,652,3
10,55,775,1
10,34,499,2
14,26,724,2
8,31,757,1
9,28,467,3
6,27,682,2
13,62,610,1
4,73,592,3
5,23,732,2
7,37,579,3
5,43,536,2
5,47,607,2
4,78,558,2
6,75,428,3
4,80,576,2
4,34,507,2
1,42,689,2
9,30,660,3
1,20,403,1
10,67,427,2
11,31,544,1
6,69,580,3
1,31,546,1
10,50,618,3
15,51,581,1
14,29,641,3
4,69,780,2
12,65,486,1
3,22,703,2
14,23,530,2
11,22,485,2
3,32,434,2
12,69,700,3
10,44,409,3
11,42,682,3
13,61,590,1
6,68,705,2
10,68,777,3
6,21,412,2
8,23,701,3
8,20,469,1
2,24,447,3
4,55,452,2
12,63,415,1
4,40,786,3
5,23,440,2
6,66,564,3
14,29,440,2
7,44,514,1
7,31,717,2
1,33,413,1
3,55,470,1
6,69,698,3
3,77,649,2
3,77,571,1
9,64,653,1
10,40,738,1
2,25,794,3
3,36,458,1
7,45,797,1
13,59,508,3
12,63,494,2
7,62,579,3
7,62,614,2
3,69,564,2
2,35,796,2
12,72,467,2
8,32,542,2
8,79,800,2
11,33,574,3
9,31,738,1
10,44,596,3
7,39,718,2
2,35,744,1
10,24,506,2
15,44,409,2
3,69,418,3
5,39,404,1
12,50,762,2
9,47,526,2
14,79,793,2
2,44,570,2
14,39,684,3
13,54,617,1
13,21,784,3
2,77,753,2
3,58,492,2
12,49,615,3
12,77,669,3
8,74,406,2
7,24,593,1
2,64,475,1
14,77,738,2
9,72,503,3
10,54,479,3
10,77,672,3
1,57,540,1
1,41,760,2
3,28,751,3
2,54,614,1
4,31,688,1
9,72,421,1
8,41,628,2
13,61,509,3
14,25,418,2
15,70,420,2
2,53,479,2
3,57,687,3
3,35,777,2
13,76,646,2
7,32,746,3
10,41,713,1
2,60,513,1
11,28,462,1
5,57,595,3
11,27,586,1
5,49,701,3
13,28,635,1
8,56,478,2
12,32,686,2
6,75,599,2
10,31,636,2
8,25,532,3
1,55,593,2
11,68,565,1
12,73,507,2
9,33,781,2
10,39,470,1
1,77,635,1
6,48,580,1
11,26,700,3
12,45,468,3
6,59,591,3
11,44,548,1
9,47,685,1
15,65,425,3
6,46,718,1
12,45,425,2
7,45,617,1
8,43,710,3
1,23,758,1
7,45,414,2
3,64,644,1
3,66,587,2
14,28,491,3
8,20,510,2
15,51,465,2
3,73,772,1
5,65,621,2
6,76,643,3
3,60,602,3
3,68,627,1
5,52,589,2
10,32,618,3
5,51,800,3
10,70,719,1
8,68,737,2
11,30,488,1
14,54,784,2
3,66,585,2
5,22,449,3
10,74,679,3
2,41,496,1
12,23,670,1
11,22,659,1
14,21,469,3
2,28,601,3
3,45,773,3
9,70,677,3
15,53,589,3
9,47,571,1
9,72,630,3
6,40,763,1
7,47,650,1
9,54,471,1
15,72,619,2
1,47,782,1
2,52,693,3
1,80,536,2
5,67,585,3
2,68,565,1
2,54,468,3
2,67,681,3
9,64,681,1
9,53,638,3
6,74,660,3
12,44,713,1
9,53,779,3
14,32,658,3
8,58,608,2
12,45,506,2
2,64,516,3
15,49,685,2
14,61,706,1
10,25,658,2
9,57,553,2
7,75,778,2
1,43,746,1
11,67,447,2
9,68,669,3
12,78,539,3
6,65,442,1
3,62,628,2
15,40,455,2
12,35,718,3
11,70,556,3
7,44,444,3
9,22,703,1
7,79,583,1
12,23,565,1
9,67,471,3
1,56,711,1
6,41,682,1
12,75,687,1
10,51,669,2
8,47,438,2
6,66,431,1
8,65,765,2
7,21,722,3
1,39,743,2
9,50,441,1
7,30,745,3
12,37,414,1
14,79,632,3
5,69,613,1
5,65,429,2
5,39,556,2
11,20,729,2
3,74,539,2
6,64,415,3
2,52,438,2
10,55,609,3
6,68,604,2
14,61,498,1
12,59,636,1
15,47,593,3
15,26,556,2
14,36,603,3
11,58,799,2
8,56,797,3
12,70,659,1
15,20,719,3
10,65,652,3
4,21,629,2
2,53,724,3
12,78,493,1
7,37,673,1
11,53,463,1
11,35,546,3
7,59,479,3
3,50,526,3
6,24,566,2
1,22,539,2
6,48,615,1
8,66,694,3
13,46,524,3
5,78,446,1
4,68,572,1
11,79,660,3
4,72,659,3
1,44,413,3
12,78,560,2
11,61,533,3
6,20,471,2
11,22,687,1
15,75,649,1
8,57,740,2
11,43,728,3
8,58,799,3
8,51,420,3
13,33,490,2
5,22,713,1
15,41,551,2
14,34,509,1
8,20,703,3
1,35,427,1
4,39,405,2
3,59,762,3
13,56,403,2
9,66,712,1
1,20,409,1
9,35,724,1
5,63,505,3
9,60,460,2
2,39,454,3
5,25,664,1
6,62,519,1
6,76,502,2
1,28,719,1
9,74,435,1
8,70,540,3
8,45,499,3
7,43,447,1
7,71,721,3
12,40,426,2
10,41,445,1
13,46,603,3
12,36,558,3
4,71,425,1
3,34,751,2
14,74,612,3
9,28,770,1
5,73,628,2
13,62,621,1
6,71,796,1
5,52,603,1
3,61,728,1
5,37,606,2
15,39,517,2
13,66,607,2
1,72,521,3
15,80,514,1
5,27,571,1
9,34,638,2
5,58,663,3
8,42,724,2
9,74,546,1
7,56,419,3
10,54,529,3
6,57,460,3
6,75,780,2
14,28,721,3
6,44,751,1
14,44,671,2
5,40,575,1
2,49,788,3
12,46,753,3
12,57,546,1
10,22,678,3
10,49,430,2
8,25,529,2
10,30,427,2
4,25,598,1
13,36,575,1
7,72,514,3
15,72,737,1
3,60,696,1
10,24,747,3
2,35,441,2
10,38,791,3
14,31,536,2
6,56,568,3
2,53,799,3
2,51,605,1
13,37,673,2
9,52,649,1
13,37,473,2
1,80,605,3
4,45,791,1
1,36,586,2
5,21,601,2
6,36,539,3
4,60,782,1
10,59,684,1
3,44,774,3
2,79,509,2
10,36,612,2
13,78,455,3
14,40,675,3
1,76,547,1
14,72,487,1
14,50,501,2
2,23,631,2
13,65,677,1
9,66,533,2
3,66,713,1
4,29,422,2
7,50,521,1
15,30,515,2
3,52,688,2
7,63,774,3
6,73,414,3
9,32,481,1
15,43,634,3
1,73,572,1
2,74,653,1
7,31,582,1
14,46,563,3
5,72,782,1
3,69,696,1
12,55,557,1
6,25,437,1
14,54,633,2
11,27,684,2
12,38,651,3
15,48,409,2
15,39,536,2
11,43,491,1
11,32,769,2
11,71,616,3
1,30,504,2
7,56,795,3
14,49,481,1
8,69,693,2
4,80,573,2
11,34,402,3
1,60,454,3
12,61,634,3
5,40,699,2
14,46,779,1
15,21,543,3
7,22,512,1
1,34,497,2
14,45,732,3
3,80,557,3
10,80,537,1
1,20,490,2
4,24,471,2
13,66,704,1
8,55,630,2
14,27,714,3
13,51,705,2
9,79,717,1
5,39,423,2
12,21,459,3
11,59,544,2
7,56,675,2
9,66,484,1
11,51,754,1
12,33,645,2
14,26,581,2
3,61,437,2
15,79,676,3
1,33,748,3
14,20,689,1
2,54,773,1
3,52,674,3
2,67,447,2
6,23,454,2
13,43,576,2
1,70,430,1
10,30,587,1
4,50,425,2
1,78,698,1
10,50,560,3
4,45,737,3
9,41,721,3
5,66,665,3
7,42,468,2
3,32,786,3
6,60,507,2
10,35,514,3
4,50,534,3
2,77,620,2
1,71,416,1
4,20,747,2
9,34,461,2
7,32,791,1
9,74,443,1
2,73,509,1
6,61,739,2
8,25,621,1
9,62,568,1
2,61,785,1
13,57,603,2
15,22,754,1
3,78,661,2
1,44,773,2
1,61,657,3
6,67,456,2
4,79,631,2
7,54,772,3
8,33,609,1
15,78,561,3
4,40,800,2
10,48,795,1
6,80,700,2
15,60,622,3
12,54,626,2
2,35,731,2
10,31,683,1
13,27,775,1
15,76,736,3
15,46,508,3
2,79,412,3
13,43,659,2
13,66,411,3
7,42,430,2
9,57,657,1
8,67,566,2
11,45,597,1
11,68,762,1
10,20,487,3
6,68,593,1
2,44,733,2
6,40,410,3
10,40,456,2
4,23,605,3
15,28,759,1
8,47,741,1
1,66,520,1
1,67,412,1
12,40,482,1
9,50,620,3
2,61,531,1
1,32,783,3
6,33,507,3
12,68,730,3
8,21,556,1
10,30,442,1
15,24,605,2
9,41,448,3
9,78,620,2
5,37,756,3
11,34,669,2
1,53,420,3
10,69,444,3
15,75,406,2
3,78,760,2
4,33,769,2
9,41,498,2
10,28,491,3
5,29,710,2
7,30,573,1
12,74,772,2
13,51,575,2
14,47,671,1
5,32,732,2
8,33,571,2
5,77,450,3
1,80,453,3
2,64,764,2
4,40,460,2
9,42,499,1
11,55,527,3
3,41,640,3
9,79,548,3
13,52,464,2
4,53,414,3
9,44,763,3
2,25,445,1
8,45,438,2
5,40,449,2
10,46,510,3
6,26,518,1
15,55,691,3
14,65,403,2
5,55,467,2
13,62,482,2
4,60,645,1
7,79,672,3
5,43,583,2
11,63,535,3
2,54,525,3
11,66,694,2
1,32,441,1
8,49,778,3
7,36,601,3
11,69,589,1
4,43,456,2
10,68,425,2
15,21,584,2
12,21,747,3
11,48,709,2
4,29,687,1
15,80,561,3
5,34,688,1
11,20,732,3
2,33,693,2
1,61,544,2
7,56,545,1
7,76,564,3
4,71,606,1
6,53,658,3
6,29,724,3
7,48,576,2
13,34,608,3
5,69,768,2
8,42,763,2
14,25,758,1
1,37,431,1
11,26,503,1
12,55,463,1
8,62,716,1
6,76,605,2
10,49,504,1
15,47,648,3
7,39,600,3
14,59,768,3
13,45,449,1
15,40,466,3
8,76,546,2
9,78,489,1
10,74,436,2
11,70,495,1
13,31,633,3
14,67,599,2
3,34,513,3
10,62,429,2
5,64,678,1
9,43,772,3
12,31,700,3
4,64,601,3
11,58,442,1
1,55,739,1
9,70,791,1
11,21,688,3
5,63,736,3
11,63,467,3
15,70,582,2
12,76,698,2
2,30,636,1
4,33,703,1
6,32,676,1
8,78,649,3
3,72,712,1
6,30,564,1
9,39,537,1
11,58,611,3
13,55,436,2
14,64,667,3
7,71,594,2
5,64,763,2
14,61,548,1
12,54,595,1
2,41,528,2
1,28,727,1
14,50,430,2
10,30,472,1
12,79,569,1
9,77,506,2
6,60,617,3
9,79,737,3
9,67,638,2
3,28,489,3
2,58,663,2
2,47,735,1
4,65,530,2
11,28,679,3
2,71,402,1
13,45,495,1
4,45,751,2
7,52,735,3
7,46,780,1
7,47,472,2
3,35,460,3
12,66,723,3
11,52,746,3
2,39,726,1
11,30,410,1
3,66,573,2
15,57,491,1
4,52,468,3
2,38,685,2
14,27,748,1
2,21,529,2
15,24,791,1
5,77,754,2
14,34,728,1
14,30,703,1
4,50,771,3
12,20,504,1
5,62,704,1
11,75,708,3
12,58,696,1
2,57,716,2
10,69,710,1
8,44,403,2
8,43,649,2
10,68,778,1
14,34,539,2
2,26,550,1
12,29,537,3
6,64,726,2
4,26,537,2
3,53,617,2
3,22,452,1
4,38,702,1
3,35,679,1
10,80,679,1
12,21,792,1
3,56,465,1
13,61,626,3
11,24,796,3
4,36,679,3
5,65,724,3
4,44,494,3
3,53,551,3
7,36,587,2
5,43,615,2
3,73,689,1
4,79,667,1
14,56,668,1
15,27,439,3
10,45,545,1
13,35,572,2
11,46,467,2
4,41,737,1
3,63,477,3
5,42,613,2
1,61,749,1
7,56,403,3
1,73,654,3
7,29,647,2
4,73,708,3
12,37,774,1
15,57,519,1
8,55,776,3
1,73,402,3
13,48,714,2
10,75,501,3
15,54,438,3
6,66,794,3
15,66,475,2
10,78,537,3
9,58,584,1
7,53,760,3
2,63,696,3
14,42,543,2
7,41,768,3
1,49,522,1
5,29,759,2
14,28,602,3
3,54,591,2
9,78,800,3
13,32,504,3
1,34,709,1
8,75,402,3
9,64,659,1
7,76,798,2
15,34,526,3
3,69,765,2
2,53,541,3
5,80,765,1
7,23,746,2
12,80,699,1
12,33,758,1
14,62,766,2
2,73,539,3
14,39,466,2
8,79,560,1
2,47,760,3
11,42,773,3
10,26,435,1
5,40,754,1
12,46,446,1
14,80,764,2
7,28,606,3
12,29,606,1
12,44,406,1
11,79,464,1
15,80,733,3
12,46,757,3
3,24,611,1
14,29,478,3
10,34,580,2
11,28,518,1
5,34,758,2
7,48,626,2
2,57,471,2
6,27,673,2
10,51,559,2
4,42,606,2
11,55,656,1
5,40,650,3
5,78,740,1
6,41,622,1
2,25,499,1
1,20,523,1
4,37,579,2
13,35,502,1
5,37,704,3
5,25,528,1
3,34,506,3
7,71,643,3
8,64,691,2
10,78,759,2
2,24,761,1
10,39,434,2
1,33,542,1
11,69,625,3
2,43,465,2
14,61,489,2
12,49,777,1
10,48,731,1
1,22,785,2
1,64,599,1
11,72,679,2
5,69,748,2
12,23,426,2
8,61,630,1
6,25,745,3
10,79,562,3
12,66,438,1
6,64,408,3
11,61,717,3
9,66,743,1
9,76,778,1
9,30,569,1
11,60,408,2
8,27,606,1
14,35,631,2
10,64,453,2
1,26,737,2
5,72,477,2
2,78,640,1
5,27,788,1
8,48,760,3
13,69,428,3
4,75,668,2
13,23,419,3
8,59,431,1
10,79,462,1
8,35,599,3
8,45,737,1
11,57,729,3
12,41,521,2
14,40,715,2
2,74,800,3
13,63,668,2
14,51,575,2
14,70,659,2
8,80,428,2
15,40,513,1
15,21,751,2
14,70,573,1
15,35,580,3
3,65,742,1
13,77,439,1
2,40,713,1
2,61,679,3
2,78,516,1
8,75,445,1
7,49,621,2
11,73,649,2
4,65,449,3
7,61,752,3
8,55,422,3
9,72,760,1
6,78,741,1
12,35,720,2
11,38,726,1
12,59,654,1
5,35,525,1
15,28,459,2
12,80,553,1
5,63,452,3
12,60,742,2
5,74,582,2
8,34,494,3
15,78,655,2
3,76,612,3
3,39,795,3
11,69,771,2
5,69,628,1
12,54,529,2
12,24,503,1
15,24,610,1
12,69,791,2
12,37,458,3
5,30,773,1
8,56,797,1
7,61,566,2
15,38,483,3
14,65,795,1
1,29,493,2
13,66,488,2
10,37,518,2
10,74,713,2
2,34,432,3
2,68,404,1
2,40,536,2
11,69,592,1
14,72,588,1
12,79,761,1
11,70,434,2
3,24,756,2
7,24,779,3
10,40,661,2
3,58,491,3
15,48,653,2
3,61,621,2
3,35,505,2
10,43,692,1
4,80,774,2
13,74,624,3
10,40,712,3
2,56,634,2
14,35,755,2
2,45,779,1
15,27,639,2
5,53,442,1
14,46,645,2
3,38,790,2
8,72,507,2
4,79,564,2
1,32,434,3
8,58,517,2
12,47,799,1
9,35,768,2
9,21,795,1
12,72,544,2
7,59,704,3
14,23,516,1
13,62,600,3
5,29,611,1
8,41,629,2
7,57,654,3
9,24,462,3
15,47,659,2
4,30,564,3
4,55,701,3
10,64,725,3
7,22,622,3
15,36,691,3
13,69,699,1
9,36,689,1
13,50,776,3
15,32,734,1
7,49,697,2
14,59,441,3
6,26,667,1
4,47,555,1
4,68,626,2
7,57,608,1
2,71,445,1
14,52,527,3
10,24,522,1
4,36,749,2
6,35,519,2
12,24,715,3
11,70,719,3
5,28,730,1
1,27,404,3
7,58,573,2
15,34,705,1
7,38,646,1
6,23,674,3
15,56,613,1
8,69,566,1
5,53,464,3
2,41,666,3
10,47,426,2
10,32,670,3
10,56,427,2
6,21,596,2
15,20,592,3
15,41,440,1
13,50,730,2
11,30,590,1
7,31,685,3
3,23,798,2
12,78,763,3
14,38,532,3
1,61,628,3
10,35,413,3
1,54,498,3
12,36,573,3
14,39,549,1
1,53,683,1
11,50,635,1
8,35,601,1
8,69,555,1
7,75,405,2
10,68,640,2
6,26,466,2
11,57,707,3
3,33,775,3
2,78,404,1
2,36,729,2
6,38,529,2
8,20,407,1
3,61,445,2
11,24,766,2
12,72,431,1
2,29,757,3
5,43,524,3
13,73,758,2
6,78,585,3
13,75,420,3
13,41,710,3
3,27,408,2
2,30,550,3
9,62,480,1
3,45,508,1
12,64,687,1
5,56,503,2
12,79,659,3
15,39,765,3
15,32,619,3
6,64,653,1
13,78,507,3
8,77,659,2
14,57,736,3
6,41,556,3
3,71,533,3
1,40,725,3
2,33,456,3
7,75,784,2
9,22,457,3
11,44,627,3
4,34,684,1
12,67,478,1
8,51,755,1
3,53,612,3
3,31,603,3
9,67,631,2
9,62,542,3
10,56,558,3
8,21,406,1
13,72,720,1
12,75,431,1
7,73,753,3
13,20,466,3
8,45,700,2
2,53,512,1
13,44,459,3
13,60,680,3
6,78,493,3
9,67,525,2
8,73,417,2
14,31,554,3
10,61,750,2
10,44,731,3
12,67,744,3
3,71,487,2
3,34,639,2
15,54,779,3
13,32,541,1
11,56,751,1
8,51,629,3
9,76,678,3
10,44,570,2
13,42,413,3
12,55,656,1
3,44,706,3
6,44,693,3
3,33,575,3
13,73,737,1
15,23,731,1
13,75,461,3
1,62,657,2
9,22,787,1
11,56,741,3
6,78,426,2
11,33,442,3
7,43,640,1
8,74,728,1
5,71,687,2
6,67,794,2
14,49,756,1
7,78,560,3
11,20,603,3
7,28,526,2
10,48,783,1
11,21,520,3
2,31,777,2
8,71,675,2
12,50,775,2
4,43,619,1
2,26,453,3
6,58,445,1
5,79,494,1
12,75,697,3
13,30,583,2
13,68,445,1
6,60,573,2
8,62,691,3
4,66,563,1
8,64,470,3
13,52,653,1
4,38,780,3
1,78,652,1
11,50,517,2
2,74,604,3
6,53,667,1
8,35,609,2
1,79,524,3
14,55,761,3
1,69,467,2
6,21,475,2
1,58,792,3
5,20,578,3
13,77,512,1
2,73,723,1
6,70,447,3
1,33,500,2
14,72,457,1
7,36,625,3
6,29,756,1
7,52,701,1
15,59,414,1
14,26,580,2
6,31,786,3
3,47,450,1
4,67,549,2
8,52,656,1
8,46,477,3
8,57,781,1
5,29,625,2
7,42,702,2
14,63,746,3
7,30,749,3
11,63,685,2
7,44,476,3
4,69,677,3
10,77,688,2
9,44,511,2
7,58,430,1
15,65,430,3
4,54,743,3
9,30,672,1
14,48,607,1
2,30,617,1
10,57,625,2
13,49,703,3
13,80,543,1
4,21,670,3
2,24,519,2
6,65,547,3
13,63,529,3
9,62,545,3
14,21,431,1
11,55,710,2
7,79,448,3
4,39,618,3
15,25,525,1
13,24,536,1
8,49,637,3
10,46,646,1
7,51,505,3
7,26,409,1
3,21,490,2
1,21,432,1
2,42,770,2
5,31,735,3
6,80,489,2
1,27,782,3
1,22,694,2
11,61,557,2
4,48,509,1
13,38,785,2
6,61,628,1
15,55,606,2
14,52,738,1
2,57,461,3
11,31,762,1
1,69,621,1
3,26,502,2
14,23,560,3
12,37,406,2
10,52,515,3
12,51,476,1
2,44,440,1
12,28,622,2
10,32,632,3
5,55,727,2
15,69,455,1
5,66,568,1
6,28,406,3
5,27,456,2
1,47,609,3
10,80,468,2
5,23,457,1
4,77,782,1
1,21,755,1
4,61,459,1
6,26,479,1
6,80,619,1
12,47,660,2
1,60,439,2
5,36,672,1
3,53,508,3
10,29,433,3
2,57,635,2
13,67,594,1
9,74,535,2
13,52,668,1
4,71,457,2
3,74,507,3
9,38,654,2
9,34,475,1
10,28,751,3
13,46,458,3
2,68,436,2
2,54,475,2
11,42,790,2
14,78,680,1
15,51,726,3
5,67,676,3
4,29,512,2
4,23,736,2
7,69,555,3
11,49,588,1
10,76,490,2
9,40,532,2
1,63,442,3
14,39,404,2
8,33,780,1
10,25,687,2
6,54,732,3
13,20,445,3
2,24,719,2
1,24,429,3
12,71,447,1
14,38,431,3
7,59,400,3
14,48,562,2
3,20,743,1
13,70,775,2
11,40,614,2
12,29,697,1
8,49,775,3
3,53,481,1
5,70,593,3
10,39,551,2
7,62,523,2
6,24,753,3
10,55,603,1
11,56,482,2
9,25,435,1
15,54,795,2
2,25,664,2
12,73,589,3
4,42,613,1
13,41,539,1
13,51,633,1
15,24,498,2
7,30,502,1
15,37,730,1
12,54,611,1
14,77,610,3
14,68,420,3
10,66,415,2
2,52,774,1
10,48,757,2
14,50,524,3
4,48,481,1
6,28,516,2
6,63,491,3
3,79,491,3
3,79,432,3
9,54,754,3
5,78,405,3
11,33,714,1
8,69,584,3
3,44,662,1
11,36,504,2
8,55,581,2
3,63,507,2
9,65,424,3
4,26,458,3
12,72,743,2
10,45,798,2
4,69,756,1
1,63,658,1
7,27,646,3
8,47,577,1
3,49,509,1
6,73,573,2
6,49,401,1
3,26,478,1
11,40,716,3
6,55,639,2
8,62,791,2
7,74,667,1
4,77,688,2
5,77,681,3
1,22,744,3
2,66,499,3
11,71,500,1
13,39,595,2
15,61,580,2
5,27,571,3
3,48,541,3
1,63,745,2
7,39,555,2
12,46,485,2
1,56,713,3
3,55,745,1
8,42,487,2
11,30,424,3
2,30,449,1
4,40,763,1
9,20,450,1
8,56,678,2
4,59,501,3
7,37,697,2
9,54,736,1
4,27,569,3
15,40,754,3
2,59,794,2
14,26,582,2
5,42,462,1
2,61,627,3
14,76,712,3
2,69,466,2
13,80,788,1
11,36,671,3
7,63,742,2
4,33,585,2
9,40,787,2
13,56,734,1
1,40,426,2
1,62,421,2
2,38,444,2
9,74,630,2
8,56,505,1
11,38,603,2
12,34,773,3
4,62,571,3
11,35,737,3
9,24,649,1
7,76,620,3
9,67,572,2
5,66,413,3
14,29,795,2
1,45,440,1
14,30,573,2
13,27,547,2
10,56,593,2
1,68,681,2
12,73,439,1
12,57,793,1
14,57,491,1
2,59,450,1
3,36,576,3
8,53,614,3
8,25,596,3
6,75,525,3
4,38,492,2
14,47,646,1
5,46,481,1
5,43,777,3
11,51,767,2
12,73,586,3
12,28,569,3
9,32,703,1
9,77,557,3
10,52,642,3
10,56,601,1
7,71,443,2
4,74,468,1
11,73,758,1
3,34,751,1
3,80,554,1
15,36,779,1
4,20,451,3
1,48,489,3
1,72,621,3
7,41,684,2
4,62,692,3
12,75,483,1
10,29,717,3
1,33,621,2
14,34,458,3
3,73,561,3
9,48,645,1
12,80,557,3
10,31,650,3
6,74,601,1
14,72,627,2
1,80,526,3
13,41,558,3
11,80,607,1
5,64,774,1
11,55,642,2
15,50,786,3
13,47,705,2
4,59,658,1
10,29,641,2
14,37,777,3
10,26,575,3
4,26,421,2
12,32,642,2
13,28,711,2
7,44,790,3
3,26,677,1
8,57,737,3
13,35,744,1
14,53,671,1
1,29,689,1
14,50,702,2
8,54,660,3
9,37,432,1
14,41,652,3
1,62,470,1
9,31,548,3
1,56,645,3
4,65,484,1
12,77,637,2
1,80,729,3
14,75,621,3
2,23,724,1
3,63,641,2
9,22,414,3
10,25,429,2
3,30,799,1
12,56,753,3
5,75,408,1
2,39,464,1
14,41,674,2
13,80,593,1
12,70,536,3
2,26,620,1
5,67,611,2
9,56,634,2
4,52,408,1
10,28,603,3
6,58,774,3
10,23,519,3
6,62,781,2
5,37,684,2
12,27,425,2
1,24,494,3
9,60,653,3
13,64,404,2
3,59,649,2
11,78,726,3
3,51,597,1
4,55,649,2
15,28,504,3
6,77,419,3
10,69,495,3
12,54,732,2
12,69,627,2
7,73,740,3
11,48,452,1
15,51,739,1
15,29,478,1
13,47,485,2
6,54,700,2
10,25,773,3
14,31,562,3
1,59,471,2
4,26,557,1
3,71,517,1
2,71,410,2
1,34,525,1
14,77,645,2
10,34,532,1
4,41,562,1
15,35,468,2
10,25,526,2
1,20,707,3
7,47,765,3
11,59,556,2
11,75,476,2
7,49,603,1
7,71,670,1
12,51,509,2
13,40,580,3
14,52,708,1
14,25,631,1
10,54,628,1
13,21,713,3
2,50,525,2
5,35,415,3
11,32,649,2
8,40,625,2
7,20,707,1
7,46,632,3
12,44,662,1
15,54,648,2
7,76,775,1
9,75,797,2
5,24,671,2
9,51,492,1
2,24,759,3
7,67,464,1
3,71,440,1
4,51,557,1
7,25,543,1
2,47,669,2
7,55,508,2
7,71,736,3
11,31,408,1
3,42,488,2
1,53,506,2
2,39,575,3
10,29,610,2
7,51,540,3
9,78,644,1
2,79,787,1
12,56,519,1
2,34,439,2
7,39,648,3
7,38,619,2
12,71,488,2
2,39,652,2
12,75,626,1
14,67,450,3
15,44,589,1
8,25,742,1
9,75,746,1
5,50,773,1
14,45,496,1
15,47,717,1
4,61,591,3
6,53,602,2
6,49,773,1
2,80,666,2
1,59,545,2
5,36,758,2
10,48,530,1
7,25,513,2
5,43,632,1
7,20,567,1
7,47,450,2
15,62,499,1
8,79,522,1
11,33,469,1
10,53,463,1
1,21,502,2
9,33,754,3
4,55,420,3
6,61,554,3
4,51,727,1
4,57,443,1
4,24,698,1
12,57,746,1
7,56,600,3
3,76,412,3
1,41,460,3
8,78,466,1
14,38,756,2
13,29,671,1
10,64,494,3
6,48,502,2
15,59,509,2
10,49,547,2
2,31,718,1
6,26,782,3
6,73,534,1
1,65,474,3
10,59,535,2
8,64,776,3
3,23,475,2
12,49,490,3
2,51,667,3
14,44,734,3
15,32,564,2
7,52,635,1
6,69,680,3
14,23,449,3
1,55,401,1
14,55,453,3
12,43,775,2
3,30,412,3
11,63,465,1
10,63,428,2
10,26,558,3
12,24,722,1
5,54,760,2
5,63,510,2
2,54,552,2
12,76,609,1
7,50,727,2
6,60,477,3
3,78,416,1
8,60,726,3
14,51,665,1
12,58,636,3
14,51,424,1
13,45,401,1
8,48,568,3
11,75,647,2
10,34,616,1
6,20,607,2
2,22,471,2
14,77,478,3
6,39,666,1
13,36,430,1
13,41,652,2
6,71,703,1
2,47,409,2
4,38,599,2
13,68,800,3
13,29,601,1
8,36,540,2
2,31,559,3
15,61,587,3
11,25,461,2
15,68,545,2
9,47,560,1
14,57,624,1
6,39,570,2
8,58,637,3
3,20,621,3
1,52,565,1
8,74,503,2
8,72,578,1
7,21,431,3
3,80,560,3
1,21,522,2
2,66,453,2
9,56,733,3
7,70,577,1
12,32,665,3
1,75,578,1
15,68,555,3
6,54,591,1
6,74,759,3
4,67,697,2
6,43,468,1
13,30,500,2
8,61,556,3
2,40,537,3
13,45,472,3
15,79,556,2
3,31,463,2
15,37,468,2
11,48,439,3
12,24,660,3
8,25,687,3
9,64,418,3
1,41,560,1
12,73,756,2
8,24,767,3
10,25,631,1
13,44,582,2
12,65,495,1
5,31,635,2
11,25,431,2
2,26,608,1
10,39,582,2
2,35,697,2
1,27,763,2
9,67,615,1
10,30,716,3
10,22,642,1
11,30,479,1
4,47,591,1
14,44,563,1
13,52,477,1
14,73,583,2
6,80,512,1
8,37,575,1
12,24,406,3
4,67,682,2
6,71,571,1
12,39,482,2
3,60,581,2
6,49,607,2
5,42,589,2
7,49,523,1
8,31,499,3
6,56,776,3
1,21,593,2
6,25,665,2
5,34,469,1
13,80,488,1
1,75,520,2
2,49,519,1
2,32,544,3
10,68,435,1
12,68,430,2
2,30,565,2
8,61,622,3
1,72,429,1
11,51,716,3
8,35,412,3
2,49,496,1
13,43,756,1
9,66,533,2
9,49,560,2
5,60,701,2
2,59,495,1
5,68,797,3
10,73,724,1
15,35,660,3
8,64,611,2
6,35,592,3
5,35,489,2
15,33,641,3
4,37,492,3
12,67,439,3
11,23,658,1
2,60,725,3
10,21,509,2
2,28,566,1
1,74,648,3
2,43,529,3
3,38,634,1
9,53,467,3
2,65,447,3
2,32,733,2
2,55,440,1
4,51,559,2
6,75,555,1
12,47,472,3
3,59,613,2
4,71,713,3
4,64,553,1
7,33,784,2
11,41,698,3
5,34,678,1
10,22,756,1
8,37,789,3
13,29,488,3
15,64,479,3
12,54,492,2
12,48,518,2
9,58,411,3
7,79,581,2
13,39,719,3
6,23,535,1
12,57,647,3
4,54,783,1
5,59,477,1
7,43,446,3
12,33,405,1
1,22,747,1
2,70,484,1
11,33,590,2
3,25,485,3
15,63,541,3
1,35,483,2
3,22,726,2
6,51,504,3
1,27,621,3
5,63,570,1
7,80,493,1
10,39,459,1
8,54,432,3
1,31,569,1
7,60,544,3
10,69,786,3
4,46,715,3
2,63,794,2
10,33,638,3
8,80,647,2
1,71,408,3
13,80,573,2
5,35,682,1
10,38,753,3
8,27,669,3
14,69,698,1
7,69,697,1
6,63,682,2
9,28,493,1
8,47,567,1
13,67,695,3
11,20,508,2
5,79,563,1
6,34,613,3
8,77,440,3
2,35,531,2
1,29,493,1
5,64,455,2
6,78,463,2
5,76,436,3
10,23,539,1
8,40,637,2
3,67,705,3
11,31,579,1
10,42,657,3
6,76,681,3
1,40,697,2
8,66,734,1
2,63,793,1
14,44,747,2
14,77,651,2
14,56,740,1
11,36,759,2
2,51,754,2
12,66,703,3
8,26,679,1
12,34,617,2
10,34,492,2
5,71,457,2
3,44,688,2
3,29,466,2
12,58,486,3
9,77,414,1
1,53,468,2
6,77,716,2
10,48,419,2
11,78,791,3
6,31,434,1
14,75,529,3
10,45,426,1
11,45,523,2
1,75,678,3
15,53,694,1
4,31,566,1
12,35,503,2
3,37,496,1
14,29,531,1
5,60,593,3
1,61,663,2
1,35,444,2
2,76,766,1
8,42,491,2
10,57,623,1
12,52,779,2
11,70,658,3
2,51,787,3
14,45,685,2
9,46,535,2
2,68,635,3
3,43,627,2
11,31,618,2
11,65,400,1
15,78,665,3
9,33,728,3
13,76,522,3
1,56,413,3
6,46,554,1
11,43,621,1
10,54,564,2
13,80,725,2
5,61,609,1
8,34,630,3
8,50,674,1
14,80,561,2
4,20,493,2
14,44,410,1
5,60,614,1
10,57,498,3
11,57,585,3
4,70,634,1
9,38,423,3
9,67,789,2
10,30,699,3
7,47,460,3
1,20,775,1
7,49,617,1
2,39,555,3
8,66,580,1
15,25,643,1
1,20,608,3
2,32,612,1
1,21,646,2
10,32,446,1
5,51,577,3
12,44,665,1
14,28,744,2
9,66,763,2
8,21,646,3
12,42,682,2
5,47,735,3
3,45,552,1
4,20,611,2
5,64,579,2
4,29,445,2
15,65,690,3
8,27,617,1
15,67,564,1
14,66,703,2
4,44,659,2
5,78,525,2
15,73,653,1
12,50,575,3
15,65,585,1
3,66,560,3
8,39,784,3
15,33,653,3
11,36,472,1
11,23,658,2
14,31,548,1
13,36,544,2
5,30,571,2
6,62,524,1
13,51,414,1
2,42,451,3
3,78,787,3
5,58,787,3
11,45,770,2
2,24,465,2
12,65,415,3
7,29,480,1
13,22,500,3
1,49,744,3
9,57,485,2
5,65,604,3
5,61,613,1
3,28,713,3
10,44,727,1
4,74,659,1
13,46,691,3
5,79,616,2
6,73,496,1
10,51,597,2
14,28,472,3
8,24,426,3
12,68,569,1
9,42,522,2
10,43,748,3
5,51,509,1
4,40,600,3
15,48,668,3
15,73,541,1
12,38,457,3
1,28,565,3
13,51,680,3
5,56,634,2
1,22,604,3
4,34,770,1
14,40,704,1
1,73,680,3
2,58,735,3
9,27,626,3
14,38,526,2
9,40,651,1
14,28,442,2
10,34,569,2
9,70,545,3
10,71,651,3
15,76,683,3
10,54,641,3
13,67,675,3
2,28,506,2
13,61,694,3
15,58,642,1
7,52,600,2
14,53,529,1
7,74,670,1
1,47,568,2
6,47,630,2
5,25,685,2
7,71,770,1
11,65,725,3
9,44,637,3
5,30,800,1
2,72,617,3
15,48,510,1
2,31,457,2
4,79,737,2
9,57,624,1
11,47,706,1
3,60,472,2
4,68,791,2
6,66,618,2
13,63,595,3
4,37,662,1
15,48,710,3
6,59,447,2
15,34,481,2
9,80,615,1
12,22,717,1
6,75,600,3
15,64,760,2
3,60,748,2
5,38,562,1
5,23,465,1
14,71,752,3
10,72,557,2
4,21,445,3
12,52,642,3
9,42,640,1
5,66,487,3
10,37,415,1
5,63,756,2
12,39,768,1
4,75,500,1
13,52,453,1
1,65,753,1
15,69,629,2
13,52,625,1
11,31,798,3
14,21,568,1
10,52,756,2
4,24,603,3
11,32,481,1
8,29,688,3
7,35,427,3
12,73,574,2
2,58,574,2
11,64,536,3
4,32,551,3
1,80,754,1
3,60,791,3
7,56,489,2
14,33,434,3
2,48,663,1
9,43,762,2
15,30,615,1
14,68,467,2
14,25,624,1
12,46,692,2
11,73,702,2
6,73,401,3
12,44,692,3
8,32,497,1
7,48,409,3
14,28,659,3
6,69,537,1
12,52,776,3
9,51,499,3
15,30,724,1
1,72,623,1
2,77,560,3
13,20,709,3
15,76,505,2
9,80,517,3
6,75,564,1
7,55,605,3
8,28,548,3
1,71,434,1
4,43,555,3
10,56,402,3
15,24,523,1
11,31,407,3
14,61,420,3
13,70,695,2
4,38,719,1
10,36,711,1
15,79,472,2
9,36,544,2
15,60,473,2
3,60,663,2
14,53,461,3
9,47,715,3
1,63,799,1
11,70,702,1
6,78,757,1
13,53,537,1
11,68,629,1
5,50,661,1
12,48,443,2
11,53,592,2
3,26,598,3
12,73,780,1
9,64,552,1
13,59,500,3
10,67,785,1
4,25,646,1
6,65,636,1
15,62,658,3
5,51,693,3
4,62,655,3
12,77,482,3
15,55,800,1
12,23,500,1
4,53,785,3
9,48,432,3
7,21,638,1
11,21,517,2
10,59,599,3
10,70,789,2
10,29,574,2
7,51,650,3
3,63,614,2
6,45,605,3
11,30,529,3
7,61,768,1
14,20,562,1
12,65,761,1
3,74,735,2
7,80,768,2
14,31,586,3
4,25,664,1
11,60,411,2
2,78,545,1
8,50,459,2
9,67,745,3
6,48,751,3
4,50,701,2
4,31,478,1
8,33,446,1
2,43,505,2
10,27,581,1
15,67,552,1
15,54,511,3
11,25,484,3
6,21,560,1
6,49,479,2
1,20,551,3
1,39,430,1
3,40,503,1
11,38,719,3
10,42,546,3
10,63,592,3
15,73,760,3
8,21,660,1
10,68,673,1
1,24,772,1
12,57,647,1
5,37,447,2
13,76,634,3
9,26,400,3
3,46,618,3
15,78,520,2
15,65,480,1
10,24,758,3
8,71,576,2
7,60,670,1
9,58,605,2
12,49,585,1
7,52,452,3
3,37,725,2
5,52,508,3
7,38,636,2
13,60,795,1
7,36,722,3
12,28,635,1
4,51,527,3
6,50,426,1
7,65,590,2
12,45,651,2
11,66,559,2
3,64,701,3
2,61,742,2
2,57,580,2
4,25,493,2
1,32,488,3
15,50,498,2
4,65,655,3
2,31,626,2
8,66,568,1
11,72,545,3
12,57,519,1
9,65,798,2
13,36,489,3
2,43,449,2
9,63,784,3
5,67,629,1
9,48,447,1
4,39,784,3
12,60,555,3
11,37,604,1
11,38,665,3
13,54,476,1
12,80,440,2
12,21,434,2
2,73,414,1
1,31,712,3
15,53,407,1
6,80,493,3
6,67,489,2
4,45,456,3
1,53,707,1
4,52,685,3
6,71,588,3
5,69,494,2
12,62,442,3
5,37,620,1
2,50,651,1
11,72,501,2
12,48,623,3
12,38,646,2
5,70,419,1
3,37,764,1
10,36,484,3
1,70,556,3
9,60,401,2
3,41,414,3
6,66,596,1
1,20,510,1
11,54,549,2
9,23,774,3
5,45,477,2
15,68,537,1
2,58,607,3
8,32,622,2
3,46,543,3
1,55,598,2
14,68,532,3
6,42,651,1
2,63,445,2
15,47,437,1
3,29,596,2
6,24,681,2
13,61,659,2
1,56,480,1
3,63,613,1
4,60,649,3
14,79,545,2
12,53,534,3
13,50,764,2
5,33,502,3
15,59,740,2
1,50,490,2
6,33,447,3
2,50,415,3
11,23,461,2
4,67,718,1
8,56,770,2
6,21,766,3
12,26,472,1
8,21,474,3
8,32,719,3
14,22,431,1
15,27,520,3
8,60,731,2
6,61,662,1
12,38,414,2
12,63,443,1
4,40,481,1
14,21,465,2
14,64,711,2
1,26,411,2
3,42,556,3
8,30,695,3
7,68,507,3
3,54,467,2
8,38,606,2
15,68,528,1
2,27,703,3
11,71,422,2
1,50,607,3
13,70,536,3
8,75,580,2
9,68,723,1
11,26,716,2
4,31,795,3
9,26,736,3
13,63,613,1
6,65,725,3
10,44,423,2
13,45,597,2
3,79,750,2
12,28,463,2
14,74,462,2
5,26,595,2
7,64,583,2
4,26,691,3
15,74,793,3
2,53,760,1
15,64,451,2
13,40,526,1
7,78,655,1
5,69,459,1
15,76,414,1
9,52,438,2
9,59,774,2
14,67,678,2
14,67,773,2
9,35,453,3
11,30,589,3
1,74,595,3
5,66,793,2
13,20,532,3
8,35,693,2
15,65,706,2
13,54,476,1
11,60,634,3
2,46,491,2
2,62,767,1
7,47,798,2
4,64,703,1
2,76,797,3
3,22,758,2
6,33,780,1
3,38,524,3
8,21,722,1
4,25,435,1
8,64,735,2
8,31,499,2
3,35,589,1
7,71,454,2
3,62,448,1
5,28,628,2
9,38,456,2
6,59,731,1
9,35,455,3
14,80,612,2
2,74,452,2
6,21,489,2
9,27,460,2
7,77,583,3
8,55,702,2
11,20,539,2
2,34,494,3
6,64,523,3
12,24,601,2
14,29,545,3
9,58,766,1
9,24,626,2
2,66,800,1
14,40,412,3
1,49,729,2
15,49,451,1
2,69,798,3
7,47,442,2
3,64,528,3
5,43,555,3
13,57,744,1
14,32,559,2
15,57,738,2
8,69,445,1
3,37,799,3
13,57,739,3
3,70,775,3
9,74,721,2
5,45,693,2
7,44,685,3
5,77,538,1
12,32,654,1
9,63,759,2
2,35,451,1
13,42,558,1
7,61,665,1
6,67,552,3
7,67,800,3
13,46,702,3
8,50,797,1
14,75,748,3
13,54,774,2
9,66,729,2
13,54,632,2
13,63,614,2
12,58,555,2
7,30,663,3
7,53,516,3
11,54,786,3
12,51,448,2
9,45,540,3
5,75,468,2
11,31,782,1
2,28,559,3
12,68,693,3
1,71,733,1
15,77,596,3
7,32,686,1
11,54,582,1
10,28,511,2
1,57,591,1
7,66,583,3
8,72,634,1
3,62,661,3
11,71,627,1
7,48,735,1
1,75,459,1
9,40,790,2
5,26,718,1
14,57,587,3
9,21,459,2
6,28,619,2
15,38,472,2
12,66,561,1
14,67,643,2
5,77,672,3
14,28,632,3
15,29,720,2
3,75,512,3
1,77,451,2
4,45,431,1
11,52,791,2
13,44,531,3
11,49,466,3
3,56,682,3
6,39,761,1
2,76,658,3
1,78,746,2
12,34,642,3
3,32,548,2
2,46,443,2
9,73,630,3
10,42,650,3
14,57,692,2
10,68,588,1
1,35,529,1
10,60,447,1
4,21,410,3
14,75,684,2
7,28,795,3
2,44,559,1
9,34,685,1
12,78,452,3
1,38,769,1
15,30,419,2
13,24,447,1
3,48,575,3
13,65,562,2
11,72,582,2
5,80,511,3
9,56,413,2
1,38,763,2
12,76,704,2
14,74,743,1
8,77,521,2
10,45,623,2
14,71,617,3
1,23,683,2
2,59,659,2
10,28,423,2
4,58,421,2
6,72,534,2
15,58,646,2
10,65,742,1
14,56,708,1
3,42,648,1
10,39,445,2
10,69,497,1
9,78,554,1
1,78,650,1
15,26,559,1
12,45,694,2
7,21,784,1
13,37,579,1
6,53,763,3
7,76,722,2
3,53,683,1
10,75,610,2
10,50,690,1
10,36,502,1
4,73,570,1
6,51,536,1
12,56,711,2
14,75,687,2
9,41,496,1
10,47,613,1
14,80,576,2
13,47,726,3
11,33,446,1
6,63,681,3
1,34,684,2
2,59,498,1
15,37,445,2
12,78,464,2
10,66,718,2
3,44,547,3
3,30,710,1
4,43,500,3
15,54,728,1
8,66,667,3
7,34,631,2
13,58,773,2
4,22,665,3
3,68,694,3
2,53,591,1
13,28,701,2
13,56,735,3
2,66,620,3
2,23,646,1
2,29,651,2
5,30,539,2
11,79,445,2
8,42,745,2
9,59,605,1
8,80,721,2
4,48,479,2
1,57,706,3
12,71,786,1
15,28,408,2
13,20,748,2
8,50,572,1
10,56,431,3
5,23,709,1
3,55,611,1
7,58,633,3
11,80,708,2
2,46,466,2
13,52,551,2
4,48,714,2
